"행정구역","2015년_거주자 인구수","2015년_세대수","2015년_세대당 인구","2015년_남자 인구수","2015년_여자 인구수","2015년_남여 비율","2016년_거주자 인구수","2016년_세대수","2016년_세대당 인구","2016년_남자 인구수","2016년_여자 인구수","2016년_남여 비율","2017년_거주자 인구수","2017년_세대수","2017년_세대당 인구","2017년_남자 인구수","2017년_여자 인구수","2017년_남여 비율","2018년_거주자 인구수","2018년_세대수","2018년_세대당 인구","2018년_남자 인구수","2018년_여자 인구수","2018년_남여 비율","2019년_거주자 인구수","2019년_세대수","2019년_세대당 인구","2019년_남자 인구수","2019년_여자 인구수","2019년_남여 비율","2020년_거주자 인구수","2020년_세대수","2020년_세대당 인구","2020년_남자 인구수","2020년_여자 인구수","2020년_남여 비율","2021년_거주자 인구수","2021년_세대수","2021년_세대당 인구","2021년_남자 인구수","2021년_여자 인구수","2021년_남여 비율","2022년_거주자 인구수","2022년_세대수","2022년_세대당 인구","2022년_남자 인구수","2022년_여자 인구수","2022년_남여 비율","2023년_거주자 인구수","2023년_세대수","2023년_세대당 인구","2023년_남자 인구수","2023년_여자 인구수","2023년_남여 비율","2024년_거주자 인구수","2024년_세대수","2024년_세대당 인구","2024년_남자 인구수","2024년_여자 인구수","2024년_남여 비율"
"경기도 경기도 수원시 (4111000000)","1,176,057","455,878","          2.58","591,425","584,632","          1.01","1,185,179","464,848","          2.55","596,000","589,179","          1.01","1,193,841","476,339","          2.51","600,786","593,055","          1.01","1,192,235","485,631","          2.46","599,829","592,406","          1.01","1,185,494","491,576","          2.41","596,388","589,106","          1.01","1,177,445","500,041","          2.35","592,371","585,074","          1.01","1,177,170","512,736","          2.30","592,179","584,991","          1.01","1,185,567","524,358","          2.26","596,443","589,124","          1.01","1,191,770","532,934","          2.24","599,125","592,645","          1.01","1,187,596","536,642","          2.21","596,480","591,116","          1.01"
"경기도 경기도 수원시 장안구 (4111100000)","296,793","113,347","          2.62","149,023","147,770","          1.01","294,230","113,679","          2.59","147,691","146,539","          1.01","291,618","114,714","          2.54","146,544","145,074","          1.01","284,200","114,456","          2.48","142,885","141,315","          1.01","276,201","113,444","          2.43","139,001","137,200","          1.01","271,614","114,137","          2.38","136,702","134,912","          1.01","272,294","117,258","          2.32","136,980","135,314","          1.01","269,239","117,815","          2.29","135,341","133,898","          1.01","269,551","118,888","          2.27","135,395","134,156","          1.01","273,364","121,697","          2.25","137,000","136,364","          1.00"
"경기도 수원시 장안구 파장동(4111156000)","25,470","10,147","          2.51","12,763","12,707","          1.00","25,262","10,180","          2.48","12,674","12,588","          1.01","24,716","10,164","          2.43","12,463","12,253","          1.02","24,263","10,218","          2.37","12,256","12,007","          1.02","23,708","10,188","          2.33","11,941","11,767","          1.01","23,364","10,379","          2.25","11,758","11,606","          1.01","23,043","10,507","          2.19","11,642","11,401","          1.02","22,552","10,447","          2.16","11,425","11,127","          1.03","24,712","11,298","          2.19","12,463","12,249","          1.02","24,609","11,358","          2.17","12,368","12,241","          1.01"
"경기도 수원시 장안구 율천동(4111156600)","44,331","18,625","          2.38","23,325","21,006","          1.11","44,007","18,767","          2.34","23,079","20,928","          1.10","44,429","19,308","          2.30","23,372","21,057","          1.11","44,564","19,802","          2.25","23,402","21,162","          1.11","43,738","19,984","          2.19","23,049","20,689","          1.11","42,910","19,720","          2.18","22,648","20,262","          1.12","42,013","19,913","          2.11","22,243","19,770","          1.13","41,303","19,884","          2.08","21,818","19,485","          1.12","40,249","19,456","          2.07","21,240","19,009","          1.12","39,724","19,333","          2.05","21,015","18,709","          1.12"
"경기도 수원시 장안구 정자1동(4111157100)","35,020","12,087","          2.90","17,397","17,623","          0.99","34,818","12,071","          2.88","17,313","17,505","          0.99","34,127","12,002","          2.84","16,939","17,188","          0.99","31,568","11,254","          2.81","15,598","15,970","          0.98","30,491","10,999","          2.77","15,090","15,401","          0.98","29,636","10,961","          2.70","14,599","15,037","          0.97","28,772","10,878","          2.64","14,148","14,624","          0.97","27,985","10,737","          2.61","13,752","14,233","          0.97","27,444","10,686","          2.57","13,465","13,979","          0.96","33,361","13,137","          2.54","16,325","17,036","          0.96"
"경기도 수원시 장안구 정자2동(4111157200)","32,811","12,204","          2.69","16,243","16,568","          0.98","32,360","12,182","          2.66","16,050","16,310","          0.98","31,674","12,183","          2.60","15,698","15,976","          0.98","30,957","12,272","          2.52","15,255","15,702","          0.97","30,168","12,191","          2.47","14,816","15,352","          0.97","29,817","12,333","          2.42","14,629","15,188","          0.96","35,872","14,798","          2.42","17,583","18,289","          0.96","36,363","15,086","          2.41","17,811","18,552","          0.96","37,602","15,614","          2.41","18,475","19,127","          0.97","38,433","16,048","          2.39","18,781","19,652","          0.96"
"경기도 수원시 장안구 정자3동(4111157300)","45,761","14,232","          3.22","22,713","23,048","          0.99","45,428","14,236","          3.19","22,562","22,866","          0.99","44,582","14,188","          3.14","22,149","22,433","          0.99","44,031","14,273","          3.08","21,936","22,095","          0.99","43,329","14,183","          3.05","21,588","21,741","          0.99","42,663","14,237","          3.00","21,323","21,340","          1.00","41,319","14,215","          2.91","20,618","20,701","          1.00","40,249","14,078","          2.86","20,094","20,155","          1.00","39,527","14,004","          2.82","19,728","19,799","          1.00","38,903","14,027","          2.77","19,435","19,468","          1.00"
"경기도 수원시 장안구 영화동(4111158000)","21,794","10,289","          2.12","10,874","10,920","          1.00","21,658","10,247","          2.11","10,822","10,836","          1.00","21,148","10,140","          2.09","10,583","10,565","          1.00","20,725","10,135","          2.04","10,451","10,274","          1.02","20,269","10,163","          1.99","10,297","9,972","          1.03","20,004","10,375","          1.93","10,202","9,802","          1.04","19,689","10,554","          1.87","10,032","9,657","          1.04","19,298","10,565","          1.83","9,811","9,487","          1.03","18,422","10,219","          1.80","9,408","9,014","          1.04","17,825","10,041","          1.78","9,112","8,713","          1.05"
"경기도 수원시 장안구 송죽동(4111159100)","18,911","7,691","          2.46","9,395","9,516","          0.99","18,595","7,682","          2.42","9,227","9,368","          0.98","20,610","8,510","          2.42","10,242","10,368","          0.99","20,282","8,599","          2.36","10,090","10,192","          0.99","19,757","8,556","          2.31","9,850","9,907","          0.99","19,537","8,679","          2.25","9,688","9,849","          0.98","19,346","8,844","          2.19","9,587","9,759","          0.98","19,033","8,826","          2.16","9,431","9,602","          0.98","18,386","8,680","          2.12","9,134","9,252","          0.99","18,115","8,753","          2.07","8,970","9,145","          0.98"
"경기도 수원시 장안구 조원1동(4111159700)","32,092","12,695","          2.53","16,114","15,978","          1.01","31,815","12,772","          2.49","15,981","15,834","          1.01","31,054","12,747","          2.44","15,612","15,442","          1.01","29,752","12,534","          2.37","14,934","14,818","          1.01","29,082","12,513","          2.32","14,591","14,491","          1.01","28,554","12,593","          2.27","14,360","14,194","          1.01","28,041","12,747","          2.20","14,149","13,892","          1.02","29,061","13,421","          2.17","14,624","14,437","          1.01","28,435","13,304","          2.14","14,269","14,166","          1.01","27,716","13,198","          2.10","13,889","13,827","          1.00"
"경기도 수원시 장안구 조원2동(4111159800)","20,512","6,448","          3.18","9,954","10,558","          0.94","20,464","6,531","          3.13","9,889","10,575","          0.94","20,084","6,531","          3.08","9,722","10,362","          0.94","19,801","6,582","          3.01","9,605","10,196","          0.94","19,396","6,513","          2.98","9,379","10,017","          0.94","19,066","6,538","          2.92","9,204","9,862","          0.93","18,470","6,480","          2.85","8,879","9,591","          0.93","17,978","6,447","          2.79","8,623","9,355","          0.92","17,651","6,411","          2.75","8,425","9,226","          0.91","17,523","6,452","          2.72","8,327","9,196","          0.91"
"경기도 수원시 장안구 연무동(4111160000)","20,091","8,929","          2.25","10,245","9,846","          1.04","19,823","9,011","          2.20","10,094","9,729","          1.04","19,194","8,941","          2.15","9,764","9,430","          1.04","18,257","8,787","          2.08","9,358","8,899","          1.05","16,263","8,154","          1.99","8,400","7,863","          1.07","16,063","8,322","          1.93","8,291","7,772","          1.07","15,729","8,322","          1.89","8,099","7,630","          1.06","15,417","8,324","          1.85","7,952","7,465","          1.07","17,123","9,216","          1.86","8,788","8,335","          1.05","17,155","9,350","          1.83","8,778","8,377","          1.05"
"경기도 경기도 수원시 권선구 (4111300000)","348,719","134,249","          2.60","175,536","173,183","          1.01","355,989","138,708","          2.57","179,358","176,631","          1.02","363,329","143,517","          2.53","183,038","180,291","          1.02","375,290","150,421","          2.49","189,155","186,135","          1.02","369,336","150,702","          2.45","186,272","183,064","          1.02","366,387","153,041","          2.39","184,809","181,578","          1.02","362,387","155,626","          2.33","182,909","179,478","          1.02","366,086","160,011","          2.29","184,849","181,237","          1.02","364,871","162,791","          2.24","184,165","180,706","          1.02","361,355","163,680","          2.21","182,396","178,959","          1.02"
"경기도 수원시 권선구 세류1동(4111352000)","9,789","3,986","          2.46","4,911","4,878","          1.01","10,797","4,310","          2.51","5,438","5,359","          1.01","10,735","4,293","          2.50","5,407","5,328","          1.01","10,695","4,313","          2.48","5,331","5,364","          0.99","10,404","4,293","          2.42","5,178","5,226","          0.99","10,273","4,336","          2.37","5,135","5,138","          1.00","10,024","4,377","          2.29","5,025","4,999","          1.01","9,782","4,352","          2.25","4,952","4,830","          1.03","9,646","4,394","          2.20","4,865","4,781","          1.02","9,568","4,383","          2.18","4,811","4,757","          1.01"
"경기도 수원시 권선구 세류2동(4111353000)","26,350","11,972","          2.20","13,383","12,967","          1.03","25,770","11,878","          2.17","13,179","12,591","          1.05","25,432","12,075","          2.11","12,952","12,480","          1.04","24,802","12,043","          2.06","12,674","12,128","          1.05","23,704","11,754","          2.02","12,151","11,553","          1.05","23,320","11,882","          1.96","12,019","11,301","          1.06","23,325","12,153","          1.92","12,034","11,291","          1.07","23,326","12,403","          1.88","12,042","11,284","          1.07","22,738","12,336","          1.84","11,736","11,002","          1.07","22,122","12,202","          1.81","11,454","10,668","          1.07"
"경기도 수원시 권선구 세류3동(4111354000)","23,744","10,097","          2.35","11,872","11,872","          1.00","23,276","10,098","          2.31","11,642","11,634","          1.00","23,006","10,148","          2.27","11,493","11,513","          1.00","21,093","9,547","          2.21","10,547","10,546","          1.00","19,855","9,123","          2.18","9,973","9,882","          1.01","19,047","8,998","          2.12","9,578","9,469","          1.01","18,571","9,023","          2.06","9,354","9,217","          1.01","18,159","9,036","          2.01","9,131","9,028","          1.01","17,689","8,991","          1.97","8,863","8,826","          1.00","17,295","8,860","          1.95","8,695","8,600","          1.01"
"경기도 수원시 권선구 평동(4111355000)","35,723","13,304","          2.69","18,132","17,591","          1.03","37,429","14,136","          2.65","19,026","18,403","          1.03","36,876","14,216","          2.59","18,759","18,117","          1.04","42,250","16,456","          2.57","21,490","20,760","          1.04","40,727","16,080","          2.53","20,690","20,037","          1.03","40,796","16,403","          2.49","20,667","20,129","          1.03","40,213","16,528","          2.43","20,340","19,873","          1.02","40,608","16,849","          2.41","20,515","20,093","          1.02","40,855","17,304","          2.36","20,619","20,236","          1.02","40,515","17,496","          2.32","20,381","20,134","          1.01"
"경기도 수원시 권선구 서둔동(4111356000)","41,673","16,490","          2.53","21,066","20,607","          1.02","41,443","16,559","          2.50","20,960","20,483","          1.02","40,874","16,592","          2.46","20,695","20,179","          1.03","39,740","16,504","          2.41","20,158","19,582","          1.03","38,644","16,468","          2.35","19,648","18,996","          1.03","38,012","16,603","          2.29","19,322","18,690","          1.03","37,814","17,112","          2.21","19,255","18,559","          1.04","37,485","17,404","          2.15","19,102","18,383","          1.04","37,495","17,798","          2.11","19,147","18,348","          1.04","36,913","17,786","          2.08","18,840","18,073","          1.04"
"경기도 수원시 권선구 구운동(4111365000)","27,859","10,673","          2.61","14,082","13,777","          1.02","27,436","10,655","          2.57","13,863","13,573","          1.02","26,757","10,617","          2.52","13,513","13,244","          1.02","25,788","10,485","          2.46","13,053","12,735","          1.02","25,115","10,406","          2.41","12,676","12,439","          1.02","24,638","10,522","          2.34","12,415","12,223","          1.02","24,122","10,663","          2.26","12,194","11,928","          1.02","23,838","10,768","          2.21","12,072","11,766","          1.03","23,070","10,595","          2.18","11,692","11,378","          1.03","22,678","10,531","          2.15","11,509","11,169","          1.03"
"경기도 수원시 권선구 금호동(4111366000)","64,014","21,815","          2.93","31,745","32,269","          0.98","","","","","","","","","","","","","","","","","","","","","","","","","","","","","","","","","","","","","","","","","","","","","","","","","","","","","",""
"경기도 수원시 권선구 금곡동(4111366200)","0","0","          0.00","0","0","          0.00","36,525","12,504","          2.92","18,127","18,398","          0.99","45,112","15,520","          2.91","22,431","22,681","          0.99","45,744","16,138","          2.83","22,636","23,108","          0.98","45,727","16,622","          2.75","22,618","23,109","          0.98","45,760","17,093","          2.68","22,633","23,127","          0.98","45,391","17,469","          2.60","22,362","23,029","          0.97","44,777","17,545","          2.55","22,064","22,713","          0.97","43,938","17,544","          2.50","21,603","22,335","          0.97","44,660","18,532","          2.41","21,928","22,732","          0.96"
"경기도 수원시 권선구 호매실동(4111366400)","0","0","          0.00","0","0","          0.00","29,104","10,311","          2.82","14,415","14,689","          0.98","30,749","11,113","          2.77","15,272","15,477","          0.99","42,764","15,503","          2.76","21,336","21,428","          1.00","45,641","16,567","          2.75","22,689","22,952","          0.99","46,385","16,997","          2.73","23,091","23,294","          0.99","46,112","17,216","          2.68","22,949","23,163","          0.99","45,336","17,235","          2.63","22,455","22,881","          0.98","44,548","17,179","          2.59","22,061","22,487","          0.98","44,020","17,187","          2.56","21,759","22,261","          0.98"
"경기도 수원시 권선구 권선1동(4111367000)","24,837","10,811","          2.30","12,553","12,284","          1.02","25,161","11,265","          2.23","12,714","12,447","          1.02","24,895","11,471","          2.17","12,596","12,299","          1.02","25,163","12,063","          2.09","12,777","12,386","          1.03","24,623","12,216","          2.02","12,517","12,106","          1.03","24,652","12,684","          1.94","12,528","12,124","          1.03","24,495","13,031","          1.88","12,495","12,000","          1.04","24,246","13,372","          1.81","12,388","11,858","          1.04","24,057","13,594","          1.77","12,284","11,773","          1.04","23,969","13,837","          1.73","12,295","11,674","          1.05"
"경기도 수원시 권선구 권선2동(4111368000)","46,047","14,490","          3.18","22,799","23,248","          0.98","50,939","16,396","          3.11","25,270","25,669","          0.98","51,717","16,895","          3.06","25,571","26,146","          0.98","51,256","16,976","          3.02","25,287","25,969","          0.97","50,216","17,060","          2.94","24,793","25,423","          0.98","49,431","17,210","          2.87","24,299","25,132","          0.97","48,349","17,246","          2.80","23,765","24,584","          0.97","47,308","17,171","          2.76","23,262","24,046","          0.97","46,430","17,134","          2.71","22,776","23,654","          0.96","45,725","17,052","          2.68","22,434","23,291","          0.96"
"경기도 수원시 권선구 곡선동(4111369000)","30,319","14,538","          2.09","15,729","14,590","          1.08","29,656","14,440","          2.05","15,449","14,207","          1.09","29,099","14,417","          2.02","15,251","13,848","          1.10","28,408","14,261","          1.99","14,990","13,418","          1.12","27,555","14,034","          1.96","14,685","12,870","          1.14","27,219","14,159","          1.92","14,581","12,638","          1.15","27,493","14,652","          1.88","14,798","12,695","          1.17","35,141","17,773","          1.98","18,673","16,468","          1.13","34,796","17,777","          1.96","18,547","16,249","          1.14","34,228","17,536","          1.95","18,308","15,920","          1.15"
"경기도 수원시 권선구 입북동(4111370000)","18,364","6,073","          3.02","9,264","9,100","          1.02","18,453","6,156","          3.00","9,275","9,178","          1.01","18,077","6,160","          2.93","9,098","8,979","          1.01","17,587","6,132","          2.87","8,876","8,711","          1.02","17,125","6,079","          2.82","8,654","8,471","          1.02","16,854","6,154","          2.74","8,541","8,313","          1.03","16,478","6,156","          2.68","8,338","8,140","          1.02","16,080","6,103","          2.63","8,193","7,887","          1.04","19,609","8,145","          2.41","9,972","9,637","          1.03","19,662","8,278","          2.38","9,982","9,680","          1.03"
"경기도 경기도 수원시 팔달구 (4111500000)","196,279","84,725","          2.32","98,380","97,899","          1.00","195,645","85,845","          2.28","98,255","97,390","          1.01","190,507","85,477","          2.23","95,780","94,727","          1.01","178,111","82,100","          2.17","89,403","88,708","          1.01","173,021","81,856","          2.11","86,864","86,157","          1.01","172,112","83,967","          2.05","86,580","85,532","          1.01","180,439","89,709","          2.01","90,756","89,683","          1.01","191,181","94,779","          2.02","96,078","95,103","          1.01","195,768","97,318","          2.01","98,348","97,420","          1.01","193,030","96,750","          2.00","96,870","96,160","          1.01"
"경기도 수원시 팔달구 매교동(4111565000)","10,504","5,299","          1.98","5,466","5,038","          1.08","10,363","5,213","          1.99","5,381","4,982","          1.08","10,061","5,131","          1.96","5,225","4,836","          1.08","6,481","3,491","          1.86","3,429","3,052","          1.12","5,710","3,109","          1.84","3,017","2,693","          1.12","5,713","3,112","          1.84","2,995","2,718","          1.10","5,697","3,150","          1.81","2,975","2,722","          1.09","19,529","8,613","          2.27","9,943","9,586","          1.04","21,301","9,216","          2.31","10,760","10,541","          1.02","21,488","9,294","          2.31","10,843","10,645","          1.02"
"경기도 수원시 팔달구 매산동(4111566000)","11,140","5,721","          1.95","5,679","5,461","          1.04","11,017","5,742","          1.92","5,618","5,399","          1.04","10,746","5,695","          1.89","5,542","5,204","          1.06","10,565","5,713","          1.85","5,511","5,054","          1.09","10,391","5,794","          1.79","5,456","4,935","          1.11","10,435","5,978","          1.75","5,541","4,894","          1.13","10,097","5,827","          1.73","5,386","4,711","          1.14","9,814","5,751","          1.71","5,275","4,539","          1.16","9,729","5,760","          1.69","5,282","4,447","          1.19","9,715","5,873","          1.65","5,314","4,401","          1.21"
"경기도 수원시 팔달구 고등동(4111567000)","10,681","5,050","          2.12","5,414","5,267","          1.03","10,295","4,927","          2.09","5,223","5,072","          1.03","9,833","4,734","          2.08","4,979","4,854","          1.03","9,272","4,612","          2.01","4,699","4,573","          1.03","8,928","4,531","          1.97","4,536","4,392","          1.03","8,875","4,663","          1.90","4,530","4,345","          1.04","19,833","9,325","          2.13","9,983","9,850","          1.01","20,384","9,582","          2.13","10,245","10,139","          1.01","19,777","9,278","          2.13","9,917","9,860","          1.01","19,043","8,909","          2.14","9,496","9,547","          0.99"
"경기도 수원시 팔달구 화서1동(4111568000)","25,519","9,933","          2.57","12,464","13,055","          0.95","25,363","10,008","          2.53","12,354","13,009","          0.95","24,734","9,914","          2.49","12,013","12,721","          0.94","24,176","9,889","          2.44","11,745","12,431","          0.94","23,261","9,674","          2.40","11,274","11,987","          0.94","22,955","9,781","          2.35","11,131","11,824","          0.94","22,340","9,898","          2.26","10,830","11,510","          0.94","21,730","9,782","          2.22","10,529","11,201","          0.94","21,094","9,635","          2.19","10,216","10,878","          0.94","20,871","9,650","          2.16","10,087","10,784","          0.94"
"경기도 수원시 팔달구 화서2동(4111569000)","29,250","9,579","          3.05","14,346","14,904","          0.96","29,091","9,656","          3.01","14,247","14,844","          0.96","28,418","9,618","          2.95","13,944","14,474","          0.96","27,814","9,682","          2.87","13,632","14,182","          0.96","27,150","9,618","          2.82","13,336","13,814","          0.97","26,693","9,670","          2.76","13,145","13,548","          0.97","25,603","9,565","          2.68","12,596","13,007","          0.97","24,934","9,439","          2.64","12,247","12,687","          0.97","24,254","9,318","          2.60","11,934","12,320","          0.97","24,142","9,491","          2.54","11,881","12,261","          0.97"
"경기도 수원시 팔달구 지동(4111570000)","14,463","6,898","          2.10","7,357","7,106","          1.04","14,072","6,763","          2.08","7,119","6,953","          1.02","13,549","6,573","          2.06","6,869","6,680","          1.03","12,888","6,345","          2.03","6,532","6,356","          1.03","11,604","5,807","          2.00","5,890","5,714","          1.03","11,098","5,716","          1.94","5,629","5,469","          1.03","10,507","5,507","          1.91","5,354","5,153","          1.04","10,005","5,335","          1.88","5,087","4,918","          1.03","9,741","5,290","          1.84","4,929","4,812","          1.02","9,384","5,154","          1.82","4,755","4,629","          1.03"
"경기도 수원시 팔달구 우만1동(4111571000)","22,240","10,175","          2.19","10,999","11,241","          0.98","22,640","10,546","          2.15","11,276","11,364","          0.99","22,024","10,530","          2.09","10,928","11,096","          0.98","21,237","10,492","          2.02","10,518","10,719","          0.98","20,888","10,601","          1.97","10,393","10,495","          0.99","20,263","10,599","          1.91","10,071","10,192","          0.99","19,906","10,736","          1.85","9,901","10,005","          0.99","19,414","10,684","          1.82","9,694","9,720","          1.00","18,612","10,529","          1.77","9,306","9,306","          1.00","18,074","10,456","          1.73","9,052","9,022","          1.00"
"경기도 수원시 팔달구 우만2동(4111572000)","18,638","7,097","          2.63","9,297","9,341","          1.00","18,554","7,193","          2.58","9,310","9,244","          1.01","18,167","7,236","          2.51","9,162","9,005","          1.02","17,718","7,248","          2.44","8,866","8,852","          1.00","17,313","7,253","          2.39","8,631","8,682","          0.99","17,138","7,492","          2.29","8,567","8,571","          1.00","16,801","7,545","          2.23","8,449","8,352","          1.01","16,874","7,737","          2.18","8,460","8,414","          1.01","16,714","7,825","          2.14","8,346","8,368","          1.00","16,557","7,850","          2.11","8,293","8,264","          1.00"
"경기도 수원시 팔달구 인계동(4111573000)","42,810","19,110","          2.24","21,516","21,294","          1.01","43,309","19,886","          2.18","21,916","21,393","          1.02","42,194","20,033","          2.11","21,423","20,771","          1.03","37,209","18,452","          2.02","18,796","18,413","          1.02","37,221","19,206","          1.94","18,756","18,465","          1.02","38,399","20,513","          1.87","19,341","19,058","          1.01","39,402","21,766","          1.81","19,807","19,595","          1.01","38,737","21,721","          1.78","19,390","19,347","          1.00","45,254","24,530","          1.84","22,747","22,507","          1.01","44,693","24,252","          1.84","22,399","22,294","          1.00"
"경기도 수원시 팔달구 행궁동(4111574000)","11,034","5,863","          1.88","5,842","5,192","          1.13","10,941","5,911","          1.85","5,811","5,130","          1.13","10,781","6,013","          1.79","5,695","5,086","          1.12","10,751","6,176","          1.74","5,675","5,076","          1.12","10,555","6,263","          1.69","5,575","4,980","          1.12","10,543","6,443","          1.64","5,630","4,913","          1.15","10,253","6,390","          1.60","5,475","4,778","          1.15","9,760","6,135","          1.59","5,208","4,552","          1.14","9,292","5,937","          1.57","4,911","4,381","          1.12","9,063","5,821","          1.56","4,750","4,313","          1.10"
"경기도 경기도 수원시 영통구 (4111700000)","334,266","123,557","          2.71","168,486","165,780","          1.02","339,315","126,616","          2.68","170,696","168,619","          1.01","348,387","132,631","          2.63","175,424","172,963","          1.01","354,634","138,654","          2.56","178,386","176,248","          1.01","366,936","145,574","          2.52","184,251","182,685","          1.01","367,332","148,896","          2.47","184,280","183,052","          1.01","362,050","150,143","          2.41","181,534","180,516","          1.01","359,061","151,753","          2.37","180,175","178,886","          1.01","361,580","153,937","          2.35","181,217","180,363","          1.00","359,847","154,515","          2.33","180,214","179,633","          1.00"
"경기도 수원시 영통구 매탄1동(4111751000)","20,872","7,827","          2.67","10,533","10,339","          1.02","20,715","7,869","          2.63","10,435","10,280","          1.02","20,255","7,800","          2.60","10,180","10,075","          1.01","19,645","7,755","          2.53","9,824","9,821","          1.00","18,837","7,691","          2.45","9,451","9,386","          1.01","18,219","7,670","          2.38","9,183","9,036","          1.02","17,503","7,584","          2.31","8,819","8,684","          1.02","13,375","5,963","          2.24","6,785","6,590","          1.03","11,565","5,105","          2.27","5,867","5,698","          1.03","11,322","5,054","          2.24","5,739","5,583","          1.03"
"경기도 수원시 영통구 매탄2동(4111752000)","17,108","6,491","          2.64","8,545","8,563","          1.00","16,719","6,415","          2.61","8,298","8,421","          0.99","16,086","6,255","          2.57","8,020","8,066","          0.99","15,674","6,274","          2.50","7,760","7,914","          0.98","15,283","6,303","          2.42","7,589","7,694","          0.99","15,063","6,453","          2.33","7,491","7,572","          0.99","14,693","6,472","          2.27","7,295","7,398","          0.99","14,269","6,433","          2.22","7,102","7,167","          0.99","13,850","6,361","          2.18","6,900","6,950","          0.99","13,555","6,323","          2.14","6,759","6,796","          0.99"
"경기도 수원시 영통구 매탄3동(4111753000)","38,073","14,889","          2.56","19,601","18,472","          1.06","38,273","15,143","          2.53","19,698","18,575","          1.06","38,341","15,639","          2.45","19,849","18,492","          1.07","37,456","15,489","          2.42","19,470","17,986","          1.08","36,388","15,276","          2.38","18,938","17,450","          1.09","36,100","15,343","          2.35","18,691","17,409","          1.07","35,819","15,751","          2.27","18,580","17,239","          1.08","35,190","15,866","          2.22","18,298","16,892","          1.08","34,365","15,637","          2.20","17,829","16,536","          1.08","34,052","15,537","          2.19","17,606","16,446","          1.07"
"경기도 수원시 영통구 매탄4동(4111754000)","24,715","9,347","          2.64","12,302","12,413","          0.99","24,315","9,356","          2.60","12,109","12,206","          0.99","23,899","9,419","          2.54","11,820","12,079","          0.98","23,234","9,315","          2.49","11,484","11,750","          0.98","22,342","9,250","          2.42","11,043","11,299","          0.98","21,871","9,373","          2.33","10,730","11,141","          0.96","21,324","9,388","          2.27","10,421","10,903","          0.96","20,861","9,493","          2.20","10,146","10,715","          0.95","20,223","9,441","          2.14","9,837","10,386","          0.95","19,712","9,389","          2.10","9,577","10,135","          0.94"
"경기도 수원시 영통구 원천동(4111755000)","24,288","11,479","          2.12","12,665","11,623","          1.09","24,189","11,506","          2.10","12,612","11,577","          1.09","24,552","12,137","          2.02","12,883","11,669","          1.10","28,752","13,984","          2.06","14,970","13,782","          1.09","38,370","17,485","          2.19","19,534","18,836","          1.04","38,960","17,803","          2.19","19,697","19,263","          1.02","38,654","17,996","          2.15","19,564","19,090","          1.02","40,276","19,242","          2.09","20,316","19,960","          1.02","45,258","20,898","          2.17","22,807","22,451","          1.02","45,453","21,116","          2.15","22,899","22,554","          1.02"
"경기도 수원시 영통구 영통1동(4111757000)","42,195","15,077","          2.80","21,203","20,992","          1.01","42,123","15,145","          2.78","21,132","20,991","          1.01","36,680","12,080","          3.04","18,169","18,511","          0.98","36,159","12,181","          2.97","17,862","18,297","          0.98","36,333","12,466","          2.91","17,916","18,417","          0.97","35,767","12,593","          2.84","17,646","18,121","          0.97","34,615","12,526","          2.76","17,021","17,594","          0.97","33,736","12,470","          2.71","16,577","17,159","          0.97","33,030","12,457","          2.65","16,194","16,836","          0.96","32,678","12,470","          2.62","15,962","16,716","          0.95"
"경기도 수원시 영통구 영통2동(4111758000)","47,119","15,485","          3.04","23,508","23,611","          1.00","46,881","15,596","          3.01","23,389","23,492","          1.00","27,755","12,678","          2.19","14,643","13,112","          1.12","27,600","12,965","          2.13","14,627","12,973","          1.13","26,524","12,815","          2.07","14,035","12,489","          1.12","26,640","13,121","          2.03","14,070","12,570","          1.12","26,095","13,124","          1.99","13,802","12,293","          1.12","25,964","13,404","          1.94","13,833","12,131","          1.14","25,295","13,391","          1.89","13,513","11,782","          1.15","24,945","13,314","          1.87","13,258","11,687","          1.13"
"경기도 수원시 영통구 영통3동(4111758500)","0","0","          0.00","0","0","          0.00","","","","","","","33,170","12,161","          2.73","16,809","16,361","          1.03","33,331","12,691","          2.63","16,947","16,384","          1.03","32,898","12,862","          2.56","16,759","16,139","          1.04","32,811","13,158","          2.49","16,756","16,055","          1.04","32,432","13,436","          2.41","16,574","15,858","          1.05","32,074","13,649","          2.35","16,477","15,597","          1.06","31,510","13,720","          2.30","16,194","15,316","          1.06","31,332","13,907","          2.25","16,144","15,188","          1.06"
"경기도 수원시 영통구 태장동(4111759000)","51,352","18,717","          2.74","26,377","24,975","          1.06","54,955","20,163","          2.73","28,118","26,837","          1.05","52,128","17,074","          3.05","26,089","26,039","          1.00","52,371","17,374","          3.01","26,158","26,213","          1.00","","","","","","","","","","","","","","","","","","","","","","","","","","","","","","","","","","","",""
"경기도 수원시 영통구 망포1동(4111759300)","0","0","          0.00","0","0","          0.00","","","","","","","","","","","","","","","","","","","31,952","10,824","          2.95","16,026","15,926","          1.01","31,646","10,903","          2.90","15,943","15,703","          1.02","31,038","10,897","          2.85","15,645","15,393","          1.02","31,873","11,426","          2.79","16,054","15,819","          1.01","31,630","11,454","          2.76","15,869","15,761","          1.01","31,421","11,400","          2.76","15,784","15,637","          1.01"
"경기도 수원시 영통구 망포2동(4111759600)","0","0","          0.00","0","0","          0.00","","","","","","","","","","","","","","","","","","","28,156","9,389","          3.00","14,043","14,113","          1.00","28,257","9,467","          2.98","14,114","14,143","          1.00","27,783","9,390","          2.96","13,876","13,907","          1.00","29,788","10,136","          2.94","14,850","14,938","          0.99","33,381","11,301","          2.95","16,590","16,791","          0.99","33,477","11,290","          2.97","16,689","16,788","          0.99"
"경기도 수원시 영통구 광교1동(4111760000)","44,332","15,578","          2.85","22,001","22,331","          0.99","45,632","16,233","          2.81","22,580","23,052","          0.98","49,968","17,993","          2.78","24,648","25,320","          0.97","52,234","20,117","          2.60","25,656","26,578","          0.97","51,964","20,540","          2.53","25,427","26,537","          0.96","53,043","21,644","          2.45","25,944","27,099","          0.96","52,867","21,972","          2.41","25,860","27,007","          0.96","52,661","22,106","          2.38","25,867","26,794","          0.97","52,879","22,578","          2.34","25,874","27,005","          0.96","53,531","23,083","          2.32","26,159","27,372","          0.96"
"경기도 수원시 영통구 광교2동(4111761000)","24,212","8,667","          2.79","11,751","12,461","          0.94","25,513","9,190","          2.78","12,325","13,188","          0.93","25,553","9,395","          2.72","12,314","13,239","          0.93","28,178","10,509","          2.68","13,628","14,550","          0.94","27,889","10,673","          2.61","13,490","14,399","          0.94","28,955","11,368","          2.55","14,015","14,940","          0.94","29,227","11,607","          2.52","14,077","15,150","          0.93","28,994","11,565","          2.51","13,870","15,124","          0.92","28,594","11,594","          2.47","13,743","14,851","          0.93","28,369","11,632","          2.44","13,638","14,731","          0.93"
